,Total,Early Morning,Morning Rush,Morning to Noon,Afternoon,Evening Rush,Night
Louvain Community Count,3.0,4.0,4.0,5.0,5.0,4.0,4.0
Infomap Community Count,8.0,5.0,10.0,8.0,9.0,8.0,9.0
Louvain Modularity,0.1577518166252936,0.028687753308126385,0.06925451362167448,0.029942564184452923,0.053190825129951394,0.03744324328805563,0.13669443774773485
Infomap Modularity,0.10984399610551243,0.1261387749012039,0.18807350191877448,0.1773842272804285,0.18022299471965358,0.15752865176176364,0.12896988790250655
